file,boxes_before,boxes_after,boxes_dropped
2fea2c95-2864b2a6.txt,38,18,20
7693676f-dd1076aa.txt,49,36,13
15fd9008-70488ece.txt,58,49,9
7daef12e-031f1b87.txt,63,54,9
5804addd-a243c92b.txt,43,35,8
25504afa-1c7a1175.txt,45,38,7
39e7b768-2303cf3d.txt,26,19,7
920c88a6-b6965810.txt,30,23,7
20a773e1-a9268e6b.txt,28,22,6
7c232c83-a7395a50.txt,38,32,6
9b33361e-62fd5f07.txt,56,50,6
125134e5-7dfc45b9.txt,27,22,5
1d741c1a-5eb43a99.txt,30,25,5
1e3909fd-6ec3a5d0.txt,30,25,5
385b0f61-1aee12ef.txt,35,30,5
40976fb7-6f7be170.txt,48,43,5
482ea89f-39fecf3d.txt,43,38,5
9a9006de-49611686.txt,39,34,5
9f14bc5f-9ebc2eac.txt,36,31,5
01af2f91-3eacda83.txt,23,19,4
298726c9-b28ea492.txt,21,17,4
427d77d7-4c637c53.txt,43,39,4
4f71d482-0fcedb40.txt,19,15,4
78aafbe6-043c6bea.txt,14,10,4
79742f3a-f6759640.txt,47,43,4
79dc6ee7-a0b28792.txt,22,18,4
937b64fe-900ec05e.txt,39,35,4
97b3e2d6-20544aaa.txt,46,42,4
a332efc9-337ced4f.txt,25,21,4
0178ff32-d94d3509.txt,30,27,3
0672c229-e9497c41.txt,27,24,3
06ec3de8-86c75fd6.txt,37,34,3
0710389f-2a7ff2be.txt,17,14,3
0a3194d6-adc2a19f.txt,25,22,3
1220d324-59b0d637.txt,21,18,3
164c713e-80de4d85.txt,15,12,3
204472d6-8b478d2b.txt,37,34,3
25574c87-60b4d760.txt,15,12,3
26c3e03a-5b658e3e.txt,25,22,3
28ecd493-4486390e.txt,29,26,3
30b6cf22-0c9574ea.txt,31,28,3
36663e5c-ab56584f.txt,26,23,3
3bd6b5a8-8c096efb.txt,49,46,3
444bd1cc-cd74bdd7.txt,25,22,3
46d07ebf-4aa62be8.txt,14,11,3
54684414-632ec83b.txt,20,17,3
56d9f3d6-58cda500.txt,36,33,3
617c80cf-1e6b14d6.txt,32,29,3
648f9535-0fc85ce1.txt,41,38,3
7a9d6ddb-f6db12be.txt,68,65,3
7b84249e-7ef8e6c7.txt,20,17,3
7bca20a2-89944621.txt,40,37,3
7d9d1af6-ee1018d4.txt,29,26,3
7f59eb14-29149022.txt,23,20,3
80ce2f36-73127241.txt,29,26,3
82124e5e-dff89a64.txt,40,37,3
8888d767-49dbc4e5.txt,28,25,3
8fb12bc8-d5b1cc8e.txt,34,31,3
941ddfef-c6c289d7.txt,15,12,3
9779925a-23babf38.txt,63,60,3
9ef3ae98-b86b813f.txt,23,20,3
a5ba90e9-aa91fcf0.txt,48,45,3
a5e25f65-0ad52900.txt,22,19,3
00f89335-2ef7949d.txt,45,43,2
0423e13f-e98cd41d.txt,16,14,2
046ea720-e5c72de3.txt,25,23,2
063eb66e-f58f45b7.txt,18,16,2
06ca4b52-f0ea5efd.txt,12,10,2
070aa065-d1c0268c.txt,34,32,2
072c1503-eb85b76d.txt,41,39,2
0885ffb0-e56051c7.txt,26,24,2
08ef9f76-89584399.txt,25,23,2
092b387a-30838518.txt,33,31,2
0aa842d5-8f199594.txt,19,17,2
0b0e1eb1-399a3892.txt,41,39,2
0bf1c902-7a1778df.txt,23,21,2
0f1892c7-3b84a70d.txt,43,41,2
11ed4c05-aabcc8c8.txt,32,30,2
12ec87b5-fd2a18b9.txt,16,14,2
1481f91e-4b677e3f.txt,26,24,2
15377521-644e0348.txt,24,22,2
15986cfa-e6572a72.txt,28,26,2
15ae7b39-b1b74a10.txt,18,16,2
172b9b58-2094d47b.txt,24,22,2
1905dbc0-d6b8dbb8.txt,39,37,2
1a82e710-1c75ddb7.txt,22,20,2
1d26f681-c24155a4.txt,21,19,2
207b60b2-ce764662.txt,33,31,2
22722330-147a7907.txt,27,25,2
230e84bf-5a21bf61.txt,23,21,2
2330a491-56188636.txt,22,20,2
236f64ee-9cfbabf7.txt,49,47,2
23d675e1-a56f88ec.txt,27,25,2
24192cec-03c693d9.txt,22,20,2
26a888be-17eb395d.txt,33,31,2
29b1f3be-b6ea4498.txt,19,17,2
2a253698-e5d5dcb2.txt,35,33,2
2ea1118b-c446e4a3.txt,35,33,2
2f4fb244-aadf3693.txt,17,15,2
3076f17e-90015aca.txt,20,18,2
30cd9edd-95b33775.txt,32,30,2
31c13fad-b6e9ea37.txt,14,12,2
32de2244-122f1783.txt,10,8,2
3649d17d-04a001ba.txt,30,28,2
383aa5ac-796172a5.txt,9,7,2
3a78f791-4f8f9723.txt,27,25,2
3b278773-d958573a.txt,12,10,2
3b8fb951-b600fe80.txt,16,14,2
3d99598e-ace52b2e.txt,40,38,2
3e3414ed-6a64903a.txt,23,21,2
3e7ed6ad-87ee042e.txt,28,26,2
4206a874-0712a513.txt,14,12,2
42f01235-3f99fa4d.txt,5,3,2
43f354aa-ec39b7f4.txt,18,16,2
45259f44-43d207da.txt,37,35,2
456b0296-686d8622.txt,30,28,2
480263a0-5aad7ae9.txt,32,30,2
4806a1c6-f1d5266b.txt,33,31,2
48b5eb90-c53fa274.txt,12,10,2
49d90521-3a855f36.txt,26,24,2
4ab8edc8-4bcfb5bb.txt,20,18,2
4b9930a7-53e1e6c4.txt,15,13,2
4ce1fe35-5e4b9fee.txt,19,17,2
4d1b8a3c-8a362bd2.txt,46,44,2
4db76be7-286c1972.txt,39,37,2
4ead46a0-610d2b70.txt,29,27,2
4eba03cc-70d63de1.txt,24,22,2
513ffc59-d8c84331.txt,25,23,2
529762d9-a98c2f0e.txt,26,24,2
5667d700-cc138a8a.txt,24,22,2
579c6b3b-d868e004.txt,23,21,2
58131720-2650d978.txt,54,52,2
59fef43b-abf159a2.txt,30,28,2
5a0aad14-273d3c96.txt,5,3,2
5af09cc6-d0ea1e00.txt,57,55,2
5b9a2480-c376fa5e.txt,40,38,2
5be604de-56d5099f.txt,55,53,2
5da6c6b6-c457c581.txt,10,8,2
5f4102ef-cc836e39.txt,51,49,2
5f8e9381-bfb9d2e8.txt,29,27,2
6099f3ce-f5b24594.txt,44,42,2
60c972aa-6bc6464f.txt,9,7,2
60ff4adb-a59af992.txt,19,17,2
61fe889c-c60a8d85.txt,24,22,2
629557db-63a1a7d7.txt,32,30,2
63285ac7-10468780.txt,21,19,2
63cdcaeb-8d55cb6b.txt,23,21,2
63d0e465-716e56ac.txt,15,13,2
64957cdd-5f0e7f40.txt,6,4,2
64d21f66-0fe98085.txt,43,41,2
66b28496-36194cd4.txt,20,18,2
6a72ef7e-2ad935d0.txt,29,27,2
6abd3321-055421ce.txt,16,14,2
6afa5563-695a9674.txt,64,62,2
6b5f3a7b-bb5d407d.txt,28,26,2
6c9ae2ed-a310c7bd.txt,27,25,2
6d371c29-e08ccb3d.txt,22,20,2
6d565c3a-392dd003.txt,22,20,2
6f0156de-6d4e0975.txt,19,17,2
6fbe30fa-dd488763.txt,24,22,2
6fe61342-7bbbcd64.txt,29,27,2
70992de9-416d5c5c.txt,48,46,2
70e33c4f-068ef228.txt,42,40,2
713185ac-e96d92c6.txt,17,15,2
720a04a5-c138e56d.txt,34,32,2
72adfeea-50d29232.txt,24,22,2
72d1eba1-77e72a96.txt,43,41,2
7401b17e-920be6bc.txt,26,24,2
75316b56-8e2e6e24.txt,39,37,2
7601c157-5ef00361.txt,28,26,2
77415895-f8692c4d.txt,11,9,2
79515725-84c93f52.txt,13,11,2
7d3101bb-c5b0055c.txt,48,46,2
7ea6bc87-0bcbdd9a.txt,16,14,2
7ec06584-04e1b490.txt,14,12,2
7f323239-094b2814.txt,35,33,2
7f5c68f2-d7625274.txt,31,29,2
811aa6f1-40f21643.txt,23,21,2
86e2e1c6-86de8a91.txt,18,16,2
8839ff61-ace79f81.txt,28,26,2
8a88b0e7-7c0eeb59.txt,17,15,2
8ac48a8c-e5f7932c.txt,24,22,2
8c4c13f5-24f133c9.txt,12,10,2
901d78eb-daf96800.txt,21,19,2
912e40da-0bf0a587.txt,20,18,2
912f8f6f-4164f8d5.txt,35,33,2
941261c8-3d4897bb.txt,29,27,2
955012ef-4629e938.txt,15,13,2
95e40f27-7f4b4ca5.txt,47,45,2
96a9c033-1fe5f98d.txt,37,35,2
987dd552-04666b9b.txt,18,16,2
9ad61372-bb2853d9.txt,14,12,2
9bbe0115-e0b6d47e.txt,34,32,2
9cbae107-e33595c0.txt,10,8,2
9cea244e-bf717f02.txt,30,28,2
9d4407f4-34554f22.txt,29,27,2
9dee0232-13c4a7a1.txt,47,45,2
9e7ff3bb-f0920d6a.txt,45,43,2
9e9944b8-f52c69d4.txt,16,14,2
9efd3c16-e7419911.txt,28,26,2
9f7d0810-fe9cbaab.txt,13,11,2
9fa7e629-74e7dae7.txt,35,33,2
a01eda14-48d0c004.txt,12,10,2
a203e439-a4246ed7.txt,37,35,2
a2c06de3-541ca92e.txt,14,12,2
a43eadfd-371cd817.txt,47,45,2
a496b27c-fe145492.txt,33,31,2
a4adaa33-a7d1b5fc.txt,10,8,2
a5b89a8f-3590eb93.txt,25,23,2
a5ba90e9-83d94d5f.txt,28,26,2
a717b1b1-84ce4fbc.txt,22,20,2
aadc9581-caf5418f.txt,13,11,2
ab4969b2-aa464d45.txt,46,44,2
ac8f46d5-eae7d331.txt,28,26,2
af265364-91fdf6d3.txt,35,33,2
af3dc221-1f20fd10.txt,16,14,2
af7eccf7-684f9f16.txt,41,39,2
afb1b272-2963d2f2.txt,24,22,2
b04423c0-7fc2e289.txt,24,22,2
b090bc5d-79803e42.txt,20,18,2
00268999-a4b8e39d.txt,11,10,1
002cd38e-ebe888e1.txt,22,21,1
00313a01-97de1f42.txt,31,30,1
0066b72f-974f6883.txt,8,7,1
006fdb67-a1455b77.txt,23,22,1
009deddd-d68ff1f7.txt,26,25,1
00c29c52-f9524f1e.txt,40,39,1
00c41a61-4ba25ad4.txt,20,19,1
00d18b13-52d3e4c4.txt,20,19,1
00d8d95a-47d98291.txt,17,16,1
01094b4f-27d47f20.txt,34,33,1
010b0600-47a9e3e0.txt,16,15,1
010fc651-6bcbfd89.txt,14,13,1
011f8481-b14725fa.txt,10,9,1
012a9c41-3c62334b.txt,13,12,1
017b02cb-477b66fa.txt,14,13,1
01818f85-516d8d03.txt,57,56,1
01ab0f6d-a46b9d78.txt,34,33,1
01d3a4d7-e7384cb9.txt,27,26,1
02346f91-87969c22.txt,16,15,1
025b2ded-1b0c1607.txt,23,22,1
028b5d16-45f7e11a.txt,29,28,1
029407d6-ca53347d.txt,38,37,1
032f6037-713441e3.txt,16,15,1
036605bd-a83a10e2.txt,16,15,1
03954613-c7f9144f.txt,17,16,1
04076a65-57bf4de3.txt,9,8,1
0447ffbb-5f3ed792.txt,21,20,1
045700c9-6687f21c.txt,14,13,1
045d32b5-31a5a2dd.txt,25,24,1
0482d45a-2ed65332.txt,7,6,1
0492b183-725063b0.txt,16,15,1
04ce1444-dfa45792.txt,34,33,1
04edbec0-95b33e2a.txt,38,37,1
051ce827-ab278cb8.txt,21,20,1
05266828-33538181.txt,12,11,1
052d461d-46d9660e.txt,23,22,1
052e98ac-a598f74d.txt,12,11,1
054ce029-b78f0d6e.txt,10,9,1
0553008d-faa90a1e.txt,20,19,1
05618189-b48a034e.txt,18,17,1
0570f82d-5376271e.txt,31,30,1
0595ae40-e94d4505.txt,17,16,1
05da04b7-16ce6b63.txt,37,36,1
060039d9-2ee09800.txt,6,5,1
066bce26-239479f0.txt,40,39,1
068fa72c-657ca601.txt,25,24,1
069fea5f-ee9d10dc.txt,35,34,1
06b4defc-e4dafb3e.txt,11,10,1
06b4defc-fb95cb12.txt,28,27,1
06d501fd-fd237e38.txt,21,20,1
06ff7d61-3135eaa4.txt,17,16,1
07184fbb-7b3e0527.txt,27,26,1
0725bcef-70177a5f.txt,27,26,1
074496ba-61bf504e.txt,19,18,1
076399f2-d397b12e.txt,23,22,1
077a389d-6036b8ba.txt,12,11,1
07bb2855-745edab3.txt,5,4,1
07c73bfa-92365af9.txt,15,14,1
07d06160-25326c3c.txt,16,15,1
082d5dee-0b01783e.txt,20,19,1
0837760b-1723559b.txt,15,14,1
083c3646-db4ea55a.txt,11,10,1
0849e66a-10cd0104.txt,55,54,1
08892113-e63ff6a4.txt,21,20,1
08b61578-35cae2fa.txt,14,13,1
08b8e64f-77f35e02.txt,6,5,1
08c88de6-6cd7fb48.txt,14,13,1
090a798e-06c4126d.txt,34,33,1
091d129f-793957ea.txt,19,18,1
092a4d43-1663d2fd.txt,32,31,1
094d1fd7-d6d70a36.txt,33,32,1
09502657-ae8e855d.txt,22,21,1
096c4347-3c64a7b4.txt,19,18,1
09759f9e-88d9a117.txt,27,26,1
097c9ce7-c1b90aff.txt,32,31,1
098cb40b-d772f705.txt,7,6,1
09ac21d6-3c3afe65.txt,24,23,1
09b357a0-e9476596.txt,23,22,1
09c287b9-7c1b1570.txt,27,26,1
09dae8af-fdcd5b9a.txt,29,28,1
0a172b0e-2af0d158.txt,26,25,1
0a176daf-d509ae60.txt,27,26,1
0a19489c-120e718b.txt,22,21,1
0a9d498a-04e16ecd.txt,33,32,1
0ab1b9e8-070c2ade.txt,42,41,1
0ac0714b-95c0e9b6.txt,8,7,1
0b191664-0d462482.txt,41,40,1
0b33a8b1-2b205d38.txt,24,23,1
0b4c8e1f-944c6ada.txt,5,4,1
0b4c8e1f-af9aab2a.txt,20,19,1
0b63c42f-9a2411df.txt,15,14,1
0c140522-681c508d.txt,27,26,1
0c2f33b9-f94d69b5.txt,30,29,1
0c60bf43-b92dc425.txt,8,7,1
0c6c4570-5e0537e5.txt,27,26,1
0c7ccf61-75482780.txt,34,33,1
0ca8467b-6dc2be8a.txt,11,10,1
0cc0b14d-cd6ab3be.txt,6,5,1
0cc4f47d-ff0d6e73.txt,20,19,1
0cc71303-ca235068.txt,27,26,1
0cfae664-7a29013d.txt,18,17,1
0d03369b-afd1bc28.txt,12,11,1
0d180a0d-ed8f05c0.txt,13,12,1
0d588ff8-22e9ba3a.txt,10,9,1
0d61234a-029721ff.txt,14,13,1
0d788993-208470b0.txt,48,47,1
0dd43ea5-7c518085.txt,29,28,1
0de9ebfa-66200148.txt,29,28,1
0dfa5925-30d5c44a.txt,6,5,1
0e16c72f-71597d61.txt,12,11,1
0e1feef0-8aeb43d9.txt,26,25,1
0e3a8902-a8bf931e.txt,31,30,1
0e83a2e4-ff09a981.txt,16,15,1
0e83f052-9c50bc92.txt,12,11,1
0e960c8f-dbbc5517.txt,25,24,1
0e99546f-9014b3d5.txt,14,13,1
0e9e8f3e-55cd30d7.txt,23,22,1
0ea18604-6891dcf5.txt,32,31,1
0ea412be-19b2503a.txt,13,12,1
0eab6f93-c14a1a11.txt,26,25,1
0eb82d73-0f1dd09d.txt,43,42,1
0ec99587-ca663a13.txt,27,26,1
0ecebc1d-0f060556.txt,12,11,1
0f026efa-5f053ae7.txt,36,35,1
0f026efa-e39b024a.txt,36,35,1
0f899f00-f979688e.txt,19,18,1
0fca1a6c-2239dfe0.txt,19,18,1
10038781-381e164d.txt,25,24,1
1008a17e-308a90fd.txt,28,27,1
101002a3-c0fb5378.txt,21,20,1
10265739-95338d8c.txt,12,11,1
104cdad2-5c21871a.txt,21,20,1
10545e32-75294313.txt,13,12,1
106b57e4-aa9515eb.txt,26,25,1
1072900b-24138060.txt,17,16,1
1073f0d3-e6ddf1f2.txt,6,5,1
108d0847-0ca7a050.txt,23,22,1
10af4b8b-06259a6c.txt,34,33,1
10c0c72d-9892b105.txt,25,24,1
10ddffa7-550fde23.txt,16,15,1
10ec4581-473cbeec.txt,16,15,1
10f71853-4da52f52.txt,22,21,1
10fc5fdb-f0fee925.txt,23,22,1
110c9575-c7bb0c93.txt,26,25,1
1125356f-edb7f7c8.txt,9,8,1
1136d5c4-a39fa75c.txt,14,13,1
11381662-48d2471f.txt,22,21,1
11433f22-603e39a2.txt,30,29,1
11577eed-14f314b5.txt,33,32,1
11808408-d6649ca4.txt,28,27,1
118fb73e-97c92847.txt,29,28,1
1215ead1-15a48bcd.txt,14,13,1
122af8db-449e73c0.txt,16,15,1
12319344-cd4838a4.txt,22,21,1
1238f25b-c410e1fc.txt,20,19,1
124c7772-efeb2f24.txt,26,25,1
1264396f-f5eaa2ca.txt,17,16,1
1298513d-2c7dd833.txt,9,8,1
12bae9ec-3e34fd26.txt,28,27,1
12bf2cad-7542e999.txt,24,23,1
12fee2da-5ac4c7c0.txt,14,13,1
13041e31-f3a90283.txt,26,25,1
13081d41-0b38f0fd.txt,18,17,1
131b0945-4813d063.txt,21,20,1
135a9354-1c504947.txt,12,11,1
135a9651-46c92e9d.txt,37,36,1
13cdfd75-0d707ea6.txt,31,30,1
13d47839-d6add655.txt,24,23,1
13d73740-68a2ef75.txt,19,18,1
13daae50-e6d019f2.txt,26,25,1
14020ffa-5b61de09.txt,15,14,1
140f97cb-ccb83acf.txt,27,26,1
148c8320-a137f37e.txt,31,30,1
14968e59-97c5d8e2.txt,23,22,1
149b1e98-2b7069c2.txt,18,17,1
14a197e0-8a00fc55.txt,37,36,1
14a7a36f-5a5318c6.txt,12,11,1
14e52a40-b5da3db2.txt,13,12,1
15248258-33c437bc.txt,17,16,1
1526086b-6731441c.txt,15,14,1
15569b20-48e496f5.txt,41,40,1
156dcd52-aecaa59c.txt,13,12,1
15b611fa-a78daa23.txt,30,29,1
15dc1dfa-ac05a82d.txt,32,31,1
1607ab5a-436f1aea.txt,8,7,1
161386ee-7094ac7f.txt,23,22,1
162d78a2-aebc5a57.txt,15,14,1
1652cc16-851d11f3.txt,15,14,1
165a8caf-719192c2.txt,21,20,1
16713ff8-130f3940.txt,31,30,1
167f4689-bd993700.txt,23,22,1
1684da77-7794c5d9.txt,9,8,1
1684da77-d85c078c.txt,16,15,1
16ac2123-1ed02cf8.txt,37,36,1
16d131ad-705dc4d1.txt,30,29,1
16d131ad-dfdc6e7c.txt,15,14,1
16e7bc26-df9a0922.txt,19,18,1
1730bba6-14ebc955.txt,9,8,1
17549149-1d66ad8a.txt,25,24,1
178758a1-1016fb96.txt,11,10,1
178e47e1-a5b17433.txt,20,19,1
17901aa7-532041c0.txt,12,11,1
17d747a9-a68c2b25.txt,28,27,1
17e8cf9e-4e6b08f2.txt,30,29,1
17ffc2bb-cabee572.txt,26,25,1
18352ddd-25229b60.txt,19,18,1
1841da77-3a361485.txt,20,19,1
185444eb-14b54f2d.txt,28,27,1
1861ecd9-e5f2623d.txt,19,18,1
18957aec-1006fb1b.txt,18,17,1
189596d2-08b00422.txt,18,17,1
1920c808-5858ffe6.txt,36,35,1
19590021-87bdfd77.txt,18,17,1
19d08ab7-d1860f42.txt,18,17,1
1a26424c-6fa145d5.txt,20,19,1
1a27d9e7-f00d4015.txt,18,17,1
1a2f603e-b4c5966d.txt,12,11,1
1a9e4707-3c920de3.txt,24,23,1
1ab05365-be22538a.txt,27,26,1
1ac73a1f-9ab9c5ae.txt,16,15,1
1b41d416-f96706f7.txt,24,23,1
1b494861-dddd08c5.txt,43,42,1
1b8f494a-cd5185ec.txt,20,19,1
1bab5c94-4f17b7f5.txt,11,10,1
1baf5864-fd20548b.txt,16,15,1
1bb0ae8c-4b09ba9e.txt,35,34,1
1bc71761-fdb73491.txt,13,12,1
1bcd983b-e1747687.txt,20,19,1
1be45ca1-9aca0768.txt,17,16,1
1c1dce27-c1ff9a6f.txt,23,22,1
1c4bf60c-c5fddaee.txt,24,23,1
1c4e3143-e52442d8.txt,9,8,1
1c67a737-c8152b54.txt,31,30,1
1cbc711c-6f911fc0.txt,18,17,1
1d055f0d-a6223073.txt,23,22,1
1d0a7787-8bf8ca8a.txt,11,10,1
1d1dba72-e94a663c.txt,7,6,1
1d288c57-918d5ae6.txt,9,8,1
1d2e8a29-f55584d9.txt,22,21,1
1d741c1a-d9f63051.txt,17,16,1
1d7e212c-604d09e8.txt,17,16,1
1d80659d-1d8671e3.txt,31,30,1
1d8d80f3-302c8b30.txt,23,22,1
1db29550-e8a14042.txt,19,18,1
1de7ca06-4e4a0c9c.txt,16,15,1
1df84133-735b69fb.txt,32,31,1
1df84133-9228bdbc.txt,16,15,1
1e1da166-62a511d0.txt,18,17,1
1e47a961-ee8a6b3d.txt,32,31,1
1ea408f5-29059b61.txt,12,11,1
1ebdeb96-f0e5a740.txt,17,16,1
1edda332-77330014.txt,19,18,1
1ef8bd83-c5816b03.txt,19,18,1
1f0e066a-ae1ce577.txt,45,44,1
1f296f3a-4b8a9932.txt,14,13,1
1f30e49b-0e4dd8ce.txt,16,15,1
1f43f8df-fe32532d.txt,18,17,1
1f44d8f2-6feb2c27.txt,26,25,1
1f4b8e7d-b6d9cd5a.txt,15,14,1
1f4b8e7d-e6d19fea.txt,20,19,1
1f6db63b-1d1f6ae9.txt,13,12,1
1f8f289b-3ae59c8a.txt,14,13,1
1f93fff6-8be58b84.txt,13,12,1
1fe3fd64-6af39343.txt,12,11,1
208b215e-d6a24ce0.txt,31,30,1
20dfe192-fcb0a8a7.txt,22,21,1
20e480d4-e1f0d03a.txt,21,20,1
20f7845d-02722e08.txt,15,14,1
21234fc8-7c85854b.txt,20,19,1
2154e7c8-1477b521.txt,21,20,1
21609974-d0adebba.txt,24,23,1
2198868f-5ce602db.txt,13,12,1
21a7fe4d-574fca14.txt,5,4,1
21cf188a-3bcec901.txt,11,10,1
21f2a793-1b2223d7.txt,8,7,1
22245230-0d0fc024.txt,12,11,1
223c02c2-d3ee3e75.txt,26,25,1
22cbb1db-b7f70a4c.txt,18,17,1
22d2864f-a551fe27.txt,20,19,1
22e3eb43-47aee7ba.txt,33,32,1
22e7bd8e-a6993e80.txt,27,26,1
2311e352-1fec0ef8.txt,43,42,1
2357db00-9a6abe09.txt,18,17,1
23665402-5babb6a1.txt,33,32,1
23fbd58b-afcf102c.txt,25,24,1
2438bf3d-8beb9032.txt,23,22,1
245e0aef-6a311280.txt,7,6,1
246bcc8c-0453c243.txt,24,23,1
246bcc8c-d5c736bc.txt,15,14,1
24791a52-e5030f73.txt,45,44,1
24ab9e39-5819d38e.txt,10,9,1
24d0c95f-365745f8.txt,22,21,1
24d241f0-39ca26d6.txt,40,39,1
24d241f0-89f7d020.txt,35,34,1
24ea2bbd-eae6f66c.txt,24,23,1
24efe18e-2c30700b.txt,24,23,1
24fabe36-f77bf9fc.txt,28,27,1
252e5126-5576fff3.txt,17,16,1
254e2c31-46610617.txt,30,29,1
2586c43f-1c64f70b.txt,31,30,1
25969ed6-f7982a10.txt,21,20,1
25b6de3a-699de156.txt,17,16,1
25cc626e-7a480cee.txt,36,35,1
25da16bc-f66186e6.txt,16,15,1
25f18204-2d1549f9.txt,28,27,1
25f58593-0046fbeb.txt,20,19,1
261cf2ea-d8be7a3b.txt,35,34,1
2659afe3-61aeb422.txt,28,27,1
26886a79-349631cb.txt,22,21,1
26923833-aab9b61f.txt,35,34,1
26ec3747-3b97e634.txt,31,30,1
2714e0ee-10e80b65.txt,14,13,1
27555029-5148a160.txt,16,15,1
27564089-70bacbb8.txt,27,26,1
2757a957-7f73b6b9.txt,10,9,1
2760433e-ec13bc2e.txt,33,32,1
277dac8b-bbeb3d3b.txt,18,17,1
277e9400-58ae6030.txt,32,31,1
279ceb3d-d097f4a2.txt,37,36,1
27a3bcc5-39dec422.txt,38,37,1
27a3bcc5-9b16d9a0.txt,21,20,1
28293738-707d98af.txt,19,18,1
2853c4b7-8c9ed30b.txt,20,19,1
2871fb39-32eb06c7.txt,7,6,1
287f0137-436e646f.txt,21,20,1
2880b229-c4c29bfc.txt,22,21,1
2890b26d-becdd10f.txt,21,20,1
28a1f566-30edbb47.txt,30,29,1
28c472d9-495cd570.txt,28,27,1
28d8a35e-0fb6220b.txt,4,3,1
28e812b9-37790fe7.txt,11,10,1
290013a9-1fc97b5b.txt,21,20,1
291dee4f-0e50d2ed.txt,20,19,1
29589b34-48b14982.txt,14,13,1
29621fea-424e060d.txt,21,20,1
2975de65-2c749359.txt,21,20,1
298185ad-cab56198.txt,24,23,1
2981be02-1763fdbd.txt,16,15,1
29959e83-fedc5ddd.txt,29,28,1
29afc599-db3bbe4f.txt,6,5,1
29b4c8f2-625d1faf.txt,43,42,1
29ede712-72466ed0.txt,14,13,1
2a0b6bf3-f82efefc.txt,18,17,1
2a484e03-14820281.txt,32,31,1
2a5faae7-4653836a.txt,21,20,1
2ad8324d-15b001ea.txt,8,7,1
2af548b0-be17b5a4.txt,6,5,1
2b03d428-2e61a6e9.txt,43,42,1
2b0a137a-923480f2.txt,9,8,1
2b217f9f-ec3a4a64.txt,22,21,1
2b409d61-528d1175.txt,6,5,1
2b5335fc-876cdf4d.txt,19,18,1
2b7d9ca3-e7c0e128.txt,22,21,1
2b9209ec-a7d00a8a.txt,21,20,1
2bdecbe1-2674aed4.txt,15,14,1
2c66e91c-ab78037b.txt,8,7,1
2c6946e9-6e53ecc2.txt,16,15,1
2c7fee07-d37af12f.txt,28,27,1
2ce85838-e1619de4.txt,21,20,1
2d0bc026-0515f960.txt,17,16,1
2d5a1888-ebe332d8.txt,18,17,1
2d89f625-e85a788d.txt,22,21,1
2d9ec697-77e922c3.txt,48,47,1
2dd63cf6-a49eeae2.txt,15,14,1
2e01abf2-016ebb22.txt,26,25,1
2e121e83-44eea5ac.txt,19,18,1
2e4d70b1-0a2c5e44.txt,26,25,1
2e61c330-3a7d4e6d.txt,23,22,1
2e8d2075-922580da.txt,27,26,1
2eb8f860-fe862fa1.txt,23,22,1
2ebd1d58-1459ca50.txt,20,19,1
2ef0eb74-48ec5feb.txt,11,10,1
2f0ef16b-ed8f541e.txt,20,19,1
2f136938-16019db3.txt,28,27,1
2f34cbe7-0a29ceb7.txt,10,9,1
2f3aeb76-5ef6b8b5.txt,24,23,1
2f49cdcb-a7641e74.txt,16,15,1
2f5469ca-72e5044e.txt,21,20,1
2f612db4-1fb3f5c1.txt,19,18,1
2f71857b-5e0289c8.txt,21,20,1
2f81b100-1eeabfd9.txt,21,20,1
2f81fa71-f3ce4c09.txt,40,39,1
2f9d9324-2f6720ae.txt,23,22,1
2fc878d7-e6704b4f.txt,12,11,1
2fdcceaa-fff89b2a.txt,30,29,1
2ff69cf9-098def64.txt,13,12,1
2ff9b6c6-a43b1b1e.txt,16,15,1
3011df99-7ea85995.txt,21,20,1
301e99f5-f1a9d13c.txt,16,15,1
3035e9b2-17791590.txt,15,14,1
30371808-fcfeb92f.txt,27,26,1
30423cd1-193e44e7.txt,26,25,1
3092709d-78b0a7ae.txt,18,17,1
30a9821d-bae43e66.txt,23,22,1
30d3b8f3-37c53384.txt,19,18,1
30ddc178-74c32491.txt,10,9,1
3100e8a0-546dbc4f.txt,24,23,1
3144b325-fa9c0feb.txt,21,20,1
314f962f-d439d536.txt,22,21,1
3153a817-23a54786.txt,31,30,1
315a80c6-810a46dd.txt,40,39,1
316fc6f3-d91c58d8.txt,22,21,1
31a9e4c6-8d7741a8.txt,13,12,1
31c82271-9b426b9c.txt,17,16,1
31d61f82-2e85bd71.txt,13,12,1
31f4bca4-a95a9f8a.txt,18,17,1
32089941-4061e848.txt,33,32,1
32703c02-43429f3e.txt,29,28,1
32735848-9f9ac335.txt,13,12,1
32a3e967-3560c67b.txt,19,18,1
32cb8c9f-8914f514.txt,15,14,1
32d56f01-9f88cb19.txt,25,24,1
32e89c7b-b2e4fae2.txt,18,17,1
32f00273-71afb0c1.txt,15,14,1
32f9273c-a950e00b.txt,16,15,1
3311dcce-3d648584.txt,34,33,1
334486e2-323efc59.txt,22,21,1
334c2648-ebe17bcd.txt,7,6,1
334cf3cc-1e8bf93e.txt,11,10,1
3352f292-c40d1517.txt,34,33,1
33653adc-6ecd0545.txt,33,32,1
337330ad-681a764a.txt,51,50,1
33e17d30-3a0e9f01.txt,31,30,1
33e52225-8bfa888d.txt,31,30,1
33f1d88c-44fcd5ba.txt,30,29,1
33f52e5f-b73b5634.txt,28,27,1
33fbca34-1f18826d.txt,20,19,1
340553b3-db025bcb.txt,23,22,1
34056d95-54b35e18.txt,24,23,1
341f87ab-8c6bd70e.txt,13,12,1
342cf91d-e94af5a4.txt,14,13,1
34f33e1d-9e17c6bb.txt,12,11,1
34f33e1d-fe9e0ead.txt,19,18,1
34fcce27-0abe6438.txt,10,9,1
353c68ef-f533b030.txt,27,26,1
355a39ab-b16359c1.txt,19,18,1
355a39ab-ce4c707d.txt,21,20,1
35673a67-53bbf79b.txt,11,10,1
358a0bd1-55897251.txt,21,20,1
3599eaf6-6e05c900.txt,24,23,1
35b5a5cc-2a67ec7f.txt,35,34,1
35c20813-3c1b5ba5.txt,10,9,1
35f3725f-3b6f5b75.txt,24,23,1
35f90b52-3dc8e694.txt,29,28,1
3627e147-b4db5a6e.txt,17,16,1
362ad8f2-6e9eaad0.txt,30,29,1
363771c2-26284f7a.txt,31,30,1
363e56f0-00443512.txt,20,19,1
3676a637-64fdf13d.txt,16,15,1
36c0ae61-d0979941.txt,12,11,1
36e33098-604c6db3.txt,16,15,1
37b4e94c-7a544e10.txt,24,23,1
37cc5c1b-95ff4edb.txt,10,9,1
37e9bb36-3f2667ef.txt,17,16,1
385c9137-2abd091e.txt,11,10,1
387a9c67-8e74796a.txt,22,21,1
388af398-d6141a4c.txt,45,44,1
388c6fbc-3520ef74.txt,38,37,1
391d1700-c0f11234.txt,16,15,1
391d1700-d8649517.txt,16,15,1
396fc04a-818eb7ac.txt,12,11,1
39889c08-ab2b229d.txt,7,6,1
398c6ab2-b9a371fe.txt,10,9,1
39938fb0-4da64a78.txt,22,21,1
399dbdd1-2b455ed2.txt,31,30,1
39d86fbf-c02b93b4.txt,16,15,1
39f373b9-4c4798f0.txt,41,40,1
39f85889-0ea2a689.txt,22,21,1
3a0dddaa-cf42a09c.txt,23,22,1
3a6dcd63-316d448d.txt,26,25,1
3ad09228-8030b784.txt,20,19,1
3ae7ea7c-237f3a0a.txt,29,28,1
3af9b86e-bde99ec4.txt,16,15,1
3b0b9074-6a44b3e6.txt,19,18,1
3b146563-5cd4f75d.txt,12,11,1
3b172cb2-d0d13cb3.txt,8,7,1
3b17922a-fa187a06.txt,12,11,1
3b1dce03-74e41d41.txt,11,10,1
3b2a43e4-a4c2fbe9.txt,5,4,1
3b9920ba-bb910e26.txt,23,22,1
3bab7f42-072460a1.txt,21,20,1
3bb25a23-83095789.txt,13,12,1
3bba495d-b7bcfeb2.txt,26,25,1
3be85fbd-90f01076.txt,19,18,1
3bf2efa6-3ec49ee1.txt,33,32,1
3c3f3365-448036bc.txt,4,3,1
3c439472-fc643e65.txt,19,18,1
3c6e779d-f2d330ec.txt,45,44,1
3c94c1ef-6e7eb069.txt,58,57,1
3c9b9d60-6b1ef4bb.txt,11,10,1
3cb08f5b-600500b5.txt,20,19,1
3cc141e5-0895f6f9.txt,27,26,1
3d156350-2c801abc.txt,18,17,1
3d1b4ec2-e4c97dfb.txt,28,27,1
3d1d46a0-f2e38067.txt,37,36,1
3d2c1ef5-fdc7bea5.txt,13,12,1
3d6a517c-a96be131.txt,24,23,1
3d91326a-535c40a5.txt,22,21,1
3d9a5a93-a95340c0.txt,12,11,1
3dab4537-763c685a.txt,8,7,1
3dc09e6f-643d98fd.txt,21,20,1
3dc1e3cc-b5262fbb.txt,34,33,1
3dc5dc3f-44927007.txt,18,17,1
3dd087fb-db551aaa.txt,22,21,1
3de9481b-b558cd9d.txt,9,8,1
3e074d91-6e36466a.txt,25,24,1
3e1a7d8e-e69b9d84.txt,30,29,1
3e276395-545dcc6d.txt,14,13,1
3e5841aa-8d3014ff.txt,30,29,1
3ec36adf-3337a5e9.txt,25,24,1
3ee5787d-021bda99.txt,25,24,1
3ef7bb72-f5d465ea.txt,12,11,1
3f59185c-dd2f65fc.txt,28,27,1
3f7d27c0-e3a17c63.txt,23,22,1
3fb5dd12-b63b23c9.txt,22,21,1
3feed794-f61d14fd.txt,38,37,1
405ece51-c26bf237.txt,34,33,1
407bfd52-f07f807a.txt,31,30,1
40ce60a7-33d0a036.txt,15,14,1
40d8d820-4d476158.txt,8,7,1
410a55cb-116a4f7b.txt,20,19,1
41170511-74f9ff42.txt,20,19,1
4147ffb6-9dd26a89.txt,26,25,1
41495f3e-eb7ba5e8.txt,27,26,1
4189d1d5-78b5fbd0.txt,14,13,1
418c491a-e85a3e81.txt,21,20,1
41a514b7-ffab6c3d.txt,5,4,1
41ea751a-fc885f2f.txt,7,6,1
42019eef-fae8a3a5.txt,18,17,1
42271cc4-b9cab8f3.txt,26,25,1
42274e3e-763216de.txt,35,34,1
422dcbeb-a9cf5c5d.txt,31,30,1
422e9b31-cdcb5835.txt,15,14,1
423f7032-3c5bf22c.txt,16,15,1
424d14b4-66494942.txt,7,6,1
4263d0a4-934b86c2.txt,13,12,1
427d77d7-e6035ca2.txt,17,16,1
42a11cca-49b1e8dd.txt,28,27,1
42a4bfe3-04451b35.txt,11,10,1
42a9f0cf-5a4c41cf.txt,23,22,1
42b33805-8f0cfbaa.txt,25,24,1
42d197eb-09d11008.txt,20,19,1
42d2755b-9af047db.txt,14,13,1
42e8451d-f3ca937b.txt,9,8,1
430c4b0f-af2083be.txt,33,32,1
437d2a2c-18e51ee9.txt,35,34,1
438f3d30-47ee9736.txt,26,25,1
43925ec5-404b5204.txt,23,22,1
4414a470-d43b4a6a.txt,14,13,1
4440cde4-e588cc14.txt,18,17,1
444d56f8-24d2f861.txt,11,10,1
445a7dcb-1d3c0a40.txt,30,29,1
4471b154-17759294.txt,16,15,1
4494459a-0c839e11.txt,33,32,1
44aa071d-24fb5291.txt,26,25,1
44babb70-10b348cc.txt,19,18,1
44cba2d4-80d9671a.txt,22,21,1
44d397c8-59149cc0.txt,12,11,1
44f880cc-8de9e48b.txt,15,14,1
450436b3-b322c719.txt,14,13,1
450a85eb-ed3e616d.txt,24,23,1
453569ca-986bc168.txt,8,7,1
456c96e6-e898a4dc.txt,28,27,1
45750769-6422b1f4.txt,27,26,1
458a05c2-0cb38936.txt,14,13,1
45adc379-6941f2ce.txt,17,16,1
45da81f9-20bc10e2.txt,20,19,1
4618f5db-f8332112.txt,24,23,1
4628114a-432588be.txt,25,24,1
462b3bd4-00b7e422.txt,23,22,1
4638692b-e287a812.txt,37,36,1
464b7780-25837a20.txt,36,35,1
465106cf-859e9d22.txt,19,18,1
467523fc-3b48d06d.txt,17,16,1
4675414d-74f7abb1.txt,30,29,1
46a1c9b9-7c2699dc.txt,10,9,1
46d048a1-8f7f385c.txt,7,6,1
46dd9b4b-4a1ffaa8.txt,29,28,1
47094ac8-3b14407b.txt,29,28,1
4710850c-7997700d.txt,19,18,1
47155b69-c252a357.txt,31,30,1
471cd309-2b7924cb.txt,18,17,1
475432e6-d01f681d.txt,15,14,1
47cfd20f-aeef35f1.txt,21,20,1
47dac8d5-bcde93f1.txt,27,26,1
47f88727-c9328590.txt,23,22,1
47faea6f-00836d80.txt,13,12,1
4840bbf9-dfcda64f.txt,27,26,1
4855080b-e83a1540.txt,26,25,1
48ba7adf-36fdaddd.txt,24,23,1
48c3121c-0ce7b780.txt,27,26,1
48e4a0aa-55897943.txt,45,44,1
49069e94-4484c539.txt,34,33,1
493ea3c1-13edd3f4.txt,21,20,1
49469fcc-31ac03cc.txt,14,13,1
494cd7c0-934e9597.txt,11,10,1
4961a3e9-0c2e8f1c.txt,14,13,1
49765306-6f316997.txt,29,28,1
497f9a86-b53e5caf.txt,14,13,1
4999cca8-e3c0cbc0.txt,22,21,1
49a171ef-27948a6a.txt,26,25,1
49ae286b-a8d0db39.txt,22,21,1
49c916d1-17b3b39a.txt,13,12,1
49d23839-0b2cbd11.txt,18,17,1
4a438690-ef5a71e1.txt,30,29,1
4a571782-6ba17f0b.txt,26,25,1
4a592fc2-46af84af.txt,36,35,1
4a6ac060-25ae3119.txt,50,49,1
4ae517b9-28192873.txt,36,35,1
4ae5524b-fc3b15ae.txt,32,31,1
4b0dcb6f-a1bc0bc5.txt,42,41,1
4b8bc434-608f4fb9.txt,10,9,1
4b94bae4-48184270.txt,26,25,1
4ba45b80-122005a0.txt,14,13,1
4bbf3eea-19f0d60c.txt,18,17,1
4be9303c-c940a391.txt,17,16,1
4bf7ecd6-ba913580.txt,24,23,1
4c02c0b8-5ad9cef7.txt,25,24,1
4c05bcd3-bee8ac70.txt,13,12,1
4c0dee56-20212ed6.txt,14,13,1
4c12f754-8293efbb.txt,9,8,1
4c218de9-0f6cfebe.txt,28,27,1
4c2cd55b-31488766.txt,26,25,1
4c46697e-b4b434b9.txt,22,21,1
4c6a2c88-47fe55c8.txt,14,13,1
4c6cf9e9-a484fd1f.txt,15,14,1
4c7984c1-895ce4b9.txt,24,23,1
4c80f7f2-fb2b2b99.txt,21,20,1
4c89b045-389ba6c2.txt,33,32,1
4c8cb3b6-32420c71.txt,16,15,1
4cbb2473-229b00ea.txt,20,19,1
4cdfb16b-a37d9336.txt,32,31,1
4d13e9e3-71fc1ef2.txt,25,24,1
4d19ba21-bf71d5ca.txt,10,9,1
4d3b81ae-220ce0d3.txt,24,23,1
4d78e321-32274697.txt,32,31,1
4d868c45-22de24fa.txt,18,17,1
4d97e3fb-537b9098.txt,56,55,1
4da117dd-12ef12a8.txt,17,16,1
4da8ad5d-e132b418.txt,43,42,1
4e099462-f43e97ab.txt,21,20,1
4e15edbf-c434f60e.txt,35,34,1
4e1d5b87-6466028f.txt,22,21,1
4e4235db-953177ed.txt,24,23,1
4e4235db-c579d916.txt,15,14,1
4e631444-9635a753.txt,23,22,1
4ec8631a-f1ee99f6.txt,23,22,1
4f062853-f810e5be.txt,28,27,1
4f3f5c02-8d553227.txt,18,17,1
50075756-b67bc6e3.txt,28,27,1
506748cf-58fe739b.txt,7,6,1
507f88dc-7f8860f5.txt,13,12,1
508522be-303005b4.txt,21,20,1
508522be-eb66dd9e.txt,29,28,1
509ade7c-d9865f5a.txt,20,19,1
50b115d6-2e79dcbe.txt,38,37,1
50b115d6-a9652c85.txt,22,21,1
50cb5a3c-87db82af.txt,26,25,1
50e2bf79-0f3dd657.txt,4,3,1
51070f11-5ebc48ed.txt,22,21,1
511f6b51-150573bf.txt,23,22,1
5163c4d3-24f18f00.txt,16,15,1
51ac0134-d8d3725d.txt,28,27,1
51ca17ab-9fe2c0f4.txt,13,12,1
51d01ec4-92c58f6e.txt,20,19,1
51d94e4d-70dc37c2.txt,22,21,1
5216acb2-3191882c.txt,20,19,1
52421cc3-c054d3fe.txt,28,27,1
5248e632-7bf7feea.txt,27,26,1
524c80fc-c2629752.txt,16,15,1
5250cae5-d9564ae3.txt,26,25,1
52643c04-85770c24.txt,21,20,1
5269b2c4-ecc0610c.txt,27,26,1
526c1058-3bdb3815.txt,37,36,1
52a3c936-aace147d.txt,16,15,1
52c53475-63b7cd9e.txt,18,17,1
52d52e88-e83ef8a7.txt,17,16,1
52e0bbe5-9c891de1.txt,32,31,1
52fec519-d18ccf56.txt,9,8,1
5324744a-22cbf466.txt,26,25,1
5332c607-1f92c848.txt,21,20,1
53486754-dac50550.txt,26,25,1
53914dd7-a982806c.txt,12,11,1
5394eea8-a7aeb8fc.txt,22,21,1
539a75c8-808723e3.txt,23,22,1
53b6be87-df2e640f.txt,16,15,1
53b7efe2-ee5b06fd.txt,28,27,1
53bff206-d3754fd0.txt,22,21,1
53dcd611-bfa7a092.txt,21,20,1
53f2b065-27e5b3e2.txt,18,17,1
5416b5d0-0a5d9d2f.txt,20,19,1
54496929-361bdef0.txt,38,37,1
5465ec8c-3e52faf7.txt,30,29,1
54821544-39f7c37e.txt,16,15,1
548403b1-34ec0462.txt,25,24,1
54884cd4-094d5b98.txt,19,18,1
5488ff78-d6d75d2c.txt,80,79,1
54921a05-ec6e1389.txt,16,15,1
54a8ea32-8ec6f0d6.txt,5,4,1
54ca49ee-4074538c.txt,43,42,1
54d899a6-b64dd22c.txt,28,27,1
54ea1a40-cfc2d393.txt,33,32,1
5533ba5d-19ab87d2.txt,11,10,1
55541ea8-cab338d1.txt,12,11,1
556adc52-66c6efb8.txt,51,50,1
5599dbaa-a919f093.txt,11,10,1
55c6dbef-00cb78ef.txt,19,18,1
55e80e7f-10c157ba.txt,26,25,1
564171ee-bc59b7b4.txt,26,25,1
5663f149-62d55a94.txt,36,35,1
569c337c-2542eba2.txt,10,9,1
56a005c9-9df4ad4f.txt,25,24,1
56a36f2b-d721b27a.txt,19,18,1
56b41396-bcfa4d7b.txt,22,21,1
56b6910e-d4aa628b.txt,23,22,1
56d5f31b-41bbd204.txt,20,19,1
5706182e-f5de0247.txt,29,28,1
5706844c-4825eb3b.txt,32,31,1
5707d59d-d5a27d86.txt,27,26,1
5727624e-0989e2b0.txt,23,22,1
573e7bdc-026d0656.txt,37,36,1
575efce1-3de7d506.txt,24,23,1
57ab3757-33e8f753.txt,26,25,1
57d0f2d3-a3dc551b.txt,14,13,1
57d6e0af-8410f287.txt,12,11,1
57d991fd-7e8858cc.txt,20,19,1
580262f8-9439e313.txt,20,19,1
5804addd-cdc1c5af.txt,4,3,1
5804addd-f4ca5184.txt,12,11,1
58131720-541da167.txt,34,33,1
5842c6a9-a883273b.txt,19,18,1
58538d31-dfeccce4.txt,5,4,1
58805fc3-cef96438.txt,3,2,1
58820efb-2465346e.txt,31,30,1
58941c49-9d11c9c7.txt,23,22,1
58fed657-52dcf6f8.txt,16,15,1
591a0d3a-11ab8e7d.txt,18,17,1
591a0d3a-ad3204b5.txt,14,13,1
59a5a4bd-3152f917.txt,23,22,1
59db890a-7c1bbaac.txt,34,33,1
59e0ecf6-ff5a1bb4.txt,20,19,1
5a5ef854-67202588.txt,15,14,1
5a9fc154-7ce1aac2.txt,10,9,1
5aa04547-b8eec9bb.txt,17,16,1
5ad03bb5-b2389126.txt,24,23,1
5ae96de6-13105b32.txt,29,28,1
5b29acfb-efededa5.txt,11,10,1
5b2fd56a-37759b05.txt,17,16,1
5b866646-f2102cbe.txt,44,43,1
5bb9c181-7e4e1cbf.txt,19,18,1
5beaafa6-9d5e2e79.txt,25,24,1
5bf5c4fa-8f113915.txt,21,20,1
5c2214d5-5a5ea7e4.txt,15,14,1
5c2349f6-e5f050ca.txt,13,12,1
5c25d741-f29b9225.txt,42,41,1
5c444685-86223271.txt,23,22,1
5c55db64-8a80d3d0.txt,27,26,1
5c8d209a-3437a98d.txt,21,20,1
5cbd22d3-175f749b.txt,14,13,1
5cc793df-2900f303.txt,14,13,1
5cd4c6d7-cc283d05.txt,6,5,1
5d023727-f4cd9940.txt,11,10,1
5d788375-26240559.txt,15,14,1
5d93ca93-945adea1.txt,25,24,1
5db276a2-282c93aa.txt,17,16,1
5dea8800-de1f9eae.txt,18,17,1
5e05a518-a915c486.txt,23,22,1
5e40acba-157f869f.txt,29,28,1
5e486661-978b0a75.txt,12,11,1
5ea20ada-56ebe09e.txt,30,29,1
5f00b122-e2eeae1b.txt,22,21,1
5f04694b-594ec747.txt,21,20,1
5f1bda93-2293cfdd.txt,27,26,1
5f9b9613-f4ca517e.txt,15,14,1
5fc941fb-b8e2baad.txt,34,33,1
5fcc0541-c38cac53.txt,29,28,1
5fffab8c-8cc12f7c.txt,37,36,1
601eb1af-aabfaeb6.txt,32,31,1
6025fdd3-a1a383e6.txt,34,33,1
6035d9a4-cf573950.txt,19,18,1
604b5b3e-3c2e6b6b.txt,20,19,1
6055645a-79df562e.txt,18,17,1
6093924f-a276ee0d.txt,19,18,1
60cb9996-dba3ae3d.txt,23,22,1
60d0d49a-0a0397f0.txt,21,20,1
60d0d49a-0deb8dbb.txt,14,13,1
60d59c32-b89d36f8.txt,16,15,1
60dbaa0c-05e77216.txt,25,24,1
60fbeb90-44f87cfe.txt,14,13,1
6108352f-b90272ee.txt,23,22,1
6162a580-4ccdbab7.txt,18,17,1
616c6563-cbc4da9a.txt,9,8,1
616e8b43-0e06aaf7.txt,31,30,1
617b4faa-f47641b0.txt,38,37,1
6188662c-e18e9c44.txt,14,13,1
6188b7cc-f86861a3.txt,19,18,1
6188d9b2-a3caf6d9.txt,23,22,1
61997e60-a72be56e.txt,21,20,1
61e3be3b-753d72e0.txt,18,17,1
621fb031-4cb67511.txt,30,29,1
6222b5d4-518d8485.txt,18,17,1
623f3723-a4ee8c56.txt,28,27,1
62429f91-de77c216.txt,13,12,1
6295d550-46cd0e0a.txt,9,8,1
62a32673-73cd4ee7.txt,23,22,1
62b92adb-fc2e3111.txt,24,23,1
62bd3830-4d0a62dc.txt,11,10,1
62cc93ce-dc467e02.txt,9,8,1
62e6bd8f-ac16ec63.txt,35,34,1
62f3677a-defd72ed.txt,15,14,1
62fcbe0d-1018c738.txt,20,19,1
633bb7b9-aacc95fe.txt,22,21,1
6360329d-e98163bc.txt,21,20,1
63662b38-3d46514b.txt,22,21,1
6368f88a-a61d53a7.txt,30,29,1
637d3eb2-a514a2ef.txt,30,29,1
637e6fdc-bc690f61.txt,17,16,1
63d85c31-2885871d.txt,14,13,1
64836e2e-9dcaf732.txt,12,11,1
64ea3319-2d640fb3.txt,29,28,1
652dc854-863c4827.txt,9,8,1
653d24ae-7644024b.txt,18,17,1
654b6743-860a415c.txt,41,40,1
654e91c6-7eddc976.txt,22,21,1
654f7e7e-88ece88c.txt,13,12,1
656587bd-a9d382b7.txt,21,20,1
6568ee40-22355d22.txt,27,26,1
65939f30-fc872d46.txt,25,24,1
65e30eb9-9a70f67a.txt,29,28,1
65e9d927-9e926ba9.txt,10,9,1
65ed9ba6-9d1ca2e1.txt,37,36,1
65edc5a1-f309fed7.txt,25,24,1
66007cb2-3e3bd82a.txt,23,22,1
664794cd-494fdb39.txt,44,43,1
664e63fc-30b1d5b0.txt,15,14,1
667834f9-b1326a1a.txt,24,23,1
668438bb-f621219c.txt,18,17,1
66914a60-a126dd1b.txt,29,28,1
66a413f1-3eaf447c.txt,16,15,1
66c50638-78a279bf.txt,10,9,1
66ce6db0-7778c19a.txt,23,22,1
66ed5ea1-f2b0e58c.txt,14,13,1
66fab43d-af257ecd.txt,15,14,1
670d63ed-aaa101c8.txt,30,29,1
670d9766-4c6983de.txt,23,22,1
6724cfc1-50c0ccc9.txt,15,14,1
6726d195-ff8a4c12.txt,18,17,1
67827c67-efa72319.txt,20,19,1
67d632ce-9b186874.txt,21,20,1
67d632ce-d346c765.txt,25,24,1
67e241db-4a0c070c.txt,15,14,1
67eb0a3c-4c0a9fc5.txt,20,19,1
67fbf1e7-15d0d463.txt,25,24,1
680d8f0b-29893023.txt,10,9,1
6816340c-b7b87824.txt,16,15,1
6823eef2-f24af0f0.txt,25,24,1
684f6101-11590c11.txt,7,6,1
6850fee6-80d005aa.txt,30,29,1
689c60fb-f81b27e8.txt,23,22,1
689ee90e-104d4359.txt,12,11,1
68a637dd-82a604fd.txt,22,21,1
68a7e52a-65128de9.txt,15,14,1
68bbc2c6-e97d21dd.txt,21,20,1
68bfa671-1cf0ee1a.txt,22,21,1
68c39c01-c0863e3d.txt,29,28,1
68c6601e-eaef10c9.txt,25,24,1
68d90a10-92b52a41.txt,16,15,1
68f06545-3c3b4d50.txt,23,22,1
69065346-9de710b3.txt,13,12,1
691f3f22-3092a773.txt,24,23,1
692fd125-b034ac2f.txt,22,21,1
69402bde-fc437005.txt,5,4,1
6946b8ff-788b396d.txt,25,24,1
696dfab0-99aadcfa.txt,13,12,1
69894cc6-02f955d0.txt,22,21,1
6a06ce90-1be927a6.txt,29,28,1
6a06ce90-a71c2b94.txt,10,9,1
6a598ab0-83ca6b30.txt,9,8,1
6a678cd4-c50623e6.txt,27,26,1
6a70b674-f3fea902.txt,8,7,1
6a871a4f-7b9d1b8e.txt,35,34,1
6a969e4c-3b793a77.txt,20,19,1
6a974319-8118322d.txt,21,20,1
6b17ce0e-2654e936.txt,11,10,1
6b4901f9-7d41a5dc.txt,21,20,1
6b49319a-b1002412.txt,6,5,1
6be2883b-14545dcc.txt,26,25,1
6c0df875-9da3fbfd.txt,20,19,1
6c50201b-f248af26.txt,33,32,1
6c9e72aa-aeb51ada.txt,29,28,1
6d19db4a-9de75119.txt,6,5,1
6d2a1bb1-cf742802.txt,21,20,1
6d2bd1d9-edb4e987.txt,12,11,1
6d34f7b0-dd998789.txt,19,18,1
6d76bab3-fc1965d4.txt,28,27,1
6d8beed6-bc19880b.txt,30,29,1
6ddb3869-c80e3a4a.txt,20,19,1
6df0259a-8cf11656.txt,17,16,1
6dfe9cd4-a28ee179.txt,10,9,1
6e094f33-d185eea5.txt,9,8,1
6e131b9b-d80b2661.txt,17,16,1
6e3bf7a4-46edb015.txt,38,37,1
6e3d8254-e9185de0.txt,44,43,1
6e443fc5-508ba5c2.txt,13,12,1
6e5ce403-2f55b3c5.txt,16,15,1
6e631f87-a28cebca.txt,35,34,1
6e95ee65-c6835649.txt,18,17,1
6ea38c51-2ae9fb79.txt,12,11,1
6ec82682-bfd7a6c7.txt,23,22,1
6ecd39ea-58808bfa.txt,18,17,1
6ef15dd9-1cd9f91c.txt,31,30,1
6efc4740-ef57ac28.txt,11,10,1
6f333d31-a556245c.txt,18,17,1
6f491570-5c66bb06.txt,18,17,1
6f7184c4-91addfce.txt,34,33,1
6f76a14d-6cc6037f.txt,27,26,1
6f8a1108-a8e2febb.txt,30,29,1
6fb763c3-ba66c271.txt,16,15,1
6fce3cb3-4b501bb9.txt,13,12,1
6fe61342-1b65066a.txt,16,15,1
701992bd-8a457895.txt,19,18,1
7048fd62-7abce5a7.txt,21,20,1
7062d718-b4c56f32.txt,13,12,1
70755f7b-5e254622.txt,20,19,1
7084266d-6ff28ce1.txt,47,46,1
70cb5085-8705fd8b.txt,30,29,1
7122d2db-0881f922.txt,21,20,1
7145eaf4-9cba97f9.txt,28,27,1
7176c4aa-1591f96e.txt,19,18,1
7177e44b-f17ec699.txt,17,16,1
718c99cd-80508f57.txt,7,6,1
71a37d16-84e76a01.txt,24,23,1
72024824-4a9fd49b.txt,24,23,1
7211a7a3-1a0c3f31.txt,32,31,1
72145aed-ecc23a1d.txt,19,18,1
722c4f01-aefc3aec.txt,20,19,1
725c5ac9-c90ab372.txt,15,14,1
72b8d6ec-8d6b9175.txt,18,17,1
72c0390e-7da9f40f.txt,38,37,1
72c100de-dc2b1328.txt,20,19,1
72e9ae84-3270023d.txt,22,21,1
732d20fd-2a0a24df.txt,43,42,1
73516ada-863cd60d.txt,25,24,1
73657ad4-049788ec.txt,17,16,1
736f3abd-22ca625c.txt,11,10,1
73e5ce7c-3b3238b0.txt,11,10,1
73fe8b3d-7a760035.txt,21,20,1
740f22fd-36dc0425.txt,21,20,1
741b03d5-11128a49.txt,36,35,1
74252d19-8872e277.txt,20,19,1
744367a7-7235b8e0.txt,20,19,1
74470544-554e1ba6.txt,17,16,1
7462bfd6-d9793190.txt,25,24,1
747a2e58-24e9ae61.txt,16,15,1
74813bcb-70eec853.txt,36,35,1
74888aea-21e414d6.txt,31,30,1
74bdc2c1-107f39dc.txt,19,18,1
74e4c6c9-365138c8.txt,31,30,1
75055858-7d04a650.txt,24,23,1
754374b3-1b375441.txt,13,12,1
755314ad-484fb8b6.txt,44,43,1
755f4a8e-6650261b.txt,24,23,1
7561392e-48597e1a.txt,15,14,1
756fb9c1-d771d069.txt,15,14,1
75a8dc76-8943ecfb.txt,12,11,1
760a3060-d0f7b4cf.txt,10,9,1
7614f658-c303ec60.txt,24,23,1
76223846-69ab7ab3.txt,21,20,1
76227efe-610c522e.txt,8,7,1
76268f3b-2dcfaea0.txt,53,52,1
76268f3b-b7e82bd6.txt,31,30,1
762ce7c6-1af5ac18.txt,28,27,1
76457fe8-97168b39.txt,28,27,1
764d068f-5be84a8b.txt,15,14,1
764d068f-5fc84615.txt,16,15,1
76800522-4a9ab47d.txt,26,25,1
7682a046-b6880f27.txt,29,28,1
76c7bdb4-40f2c4d4.txt,20,19,1
7717f111-ab657ad0.txt,18,17,1
77229e81-ffb1b09c.txt,11,10,1
773c53f2-484fd263.txt,17,16,1
778b9bbd-3397bbc1.txt,27,26,1
77be17ad-671c9025.txt,26,25,1
77ea33be-9dc15e00.txt,18,17,1
77f382a8-169bf0ea.txt,14,13,1
7845b80e-86451b15.txt,23,22,1
7853eeba-95e04fdc.txt,28,27,1
78a2a34e-cba8ab1d.txt,21,20,1
78ef6a0e-ec25bdda.txt,16,15,1
78f2f058-b0f18d7a.txt,11,10,1
79123cfa-4b5cd244.txt,17,16,1
7950a5d9-f84be3e0.txt,17,16,1
7962678c-c2a615ca.txt,25,24,1
796a6253-ace930e6.txt,24,23,1
796cf7f0-1214cbea.txt,23,22,1
79b3bd66-da27d5d8.txt,25,24,1
79d05942-4dfb5df4.txt,32,31,1
79d1c1fe-9da11b68.txt,27,26,1
79f64a2f-358df848.txt,21,20,1
7a0a6e86-0c41f891.txt,22,21,1
7a0b69e7-0acbe978.txt,25,24,1
7a53506f-9c59128b.txt,6,5,1
7a63357e-3b260064.txt,35,34,1
7a8fca25-10225182.txt,29,28,1
7ab559d5-caab2732.txt,29,28,1
7abf5715-5be07fbd.txt,13,12,1
7afc6238-4492ec92.txt,7,6,1
7afd081d-212137d8.txt,28,27,1
7b66c7d1-46c1522a.txt,21,20,1
7b7eab46-25b63031.txt,40,39,1
7b84249e-c0cfa854.txt,24,23,1
7b95ead9-8ac40bd1.txt,13,12,1
7bb3a6bb-34175ca0.txt,15,14,1
7bd55c27-56c505ab.txt,16,15,1
7bd7daab-c5078b63.txt,14,13,1
7c0920af-223860db.txt,25,24,1
7c3da3b3-1c611c9a.txt,39,38,1
7c47af86-36566e27.txt,25,24,1
7c47af86-72d5af60.txt,36,35,1
7c5f8c88-00ad8af7.txt,4,3,1
7c6f1661-be4efcca.txt,37,36,1
7c6fa554-54b4c571.txt,23,22,1
7c6fa554-eeef6864.txt,20,19,1
7c76c76a-3d78e70a.txt,30,29,1
7ca576cf-760946ed.txt,13,12,1
7cc75f1e-1152fbfb.txt,44,43,1
7cd3ebb9-8e3c1881.txt,6,5,1
7cea3945-ef645d35.txt,15,14,1
7d04cd7b-193c6f8f.txt,36,35,1
7d5d6c0f-fa729aaa.txt,4,3,1
7d70570b-0c764e3a.txt,3,2,1
7d8cfda1-cf309437.txt,27,26,1
7dc8bb93-502720b4.txt,12,11,1
7e1a41ae-c6b33022.txt,33,32,1
7e5568e2-4efec8bc.txt,38,37,1
7e5568e2-d66c43ff.txt,13,12,1
7e60bacf-49b9ecad.txt,6,5,1
7e8826ba-66955b36.txt,19,18,1
7e8b11fe-8e470f0a.txt,36,35,1
7eb315b6-422a6baa.txt,26,25,1
7ec84a33-064c2263.txt,27,26,1
7ed398b9-09a9212c.txt,32,31,1
7f2ec5ef-0ffae2b1.txt,29,28,1
7f5657c8-d5792317.txt,17,16,1
7f7b2254-8ac141d3.txt,35,34,1
7f8a42bb-b5c3444e.txt,14,13,1
7fa961e0-2c309b84.txt,27,26,1
7fbcdd73-9d39dd5b.txt,10,9,1
7fc32343-ffabdc3e.txt,16,15,1
7fc88126-909d55aa.txt,33,32,1
808108c7-d0ec6c5b.txt,21,20,1
80b0b8c1-a4d49cd0.txt,20,19,1
80b6d5bb-3e35e149.txt,14,13,1
80bebd9d-ae4a577e.txt,15,14,1
80d196fb-70fc199b.txt,30,29,1
80e8c8c2-ff1896e0.txt,33,32,1
815ee3f2-134b661a.txt,8,7,1
817d47c5-75aa32ee.txt,24,23,1
818fd853-aa07a481.txt,30,29,1
81b0b61c-18d08417.txt,44,43,1
81bde010-5a3cfe0d.txt,21,20,1
81c8a7fd-effee244.txt,23,22,1
81d6fd24-14ad727c.txt,22,21,1
81d6fd24-d8f88f6d.txt,23,22,1
81fb33a0-a20d314a.txt,13,12,1
820b9d43-e167c39d.txt,18,17,1
820d9e62-f5e37285.txt,8,7,1
82138ed8-6b30ae1f.txt,19,18,1
82226364-69940851.txt,23,22,1
8252b2c1-bb5d3c72.txt,22,21,1
82628a98-0ba9e701.txt,35,34,1
82973e21-053e0229.txt,8,7,1
82a83078-bef454cd.txt,38,37,1
82ae0687-971029b2.txt,51,50,1
82c34e3a-11efc3c2.txt,28,27,1
82d94487-717bf12c.txt,22,21,1
82e35f62-a01dc25b.txt,23,22,1
82ef58e6-fd5ba03f.txt,35,34,1
82f9aef6-3020c8e7.txt,28,27,1
83540204-59109361.txt,20,19,1
83574518-a1c81a98.txt,22,21,1
835c37f5-3b02059d.txt,9,8,1
837720d7-f532009e.txt,23,22,1
83838155-a37e80ed.txt,24,23,1
83838155-a9f9b1d6.txt,34,33,1
83869105-ce92330e.txt,41,40,1
8388defb-3b79712e.txt,14,13,1
839f7736-770f0d69.txt,17,16,1
83a207fc-c73f10cc.txt,6,5,1
83c42f9f-e0753c92.txt,23,22,1
83d6b6d8-64c85a01.txt,8,7,1
83fb8871-31684f4e.txt,38,37,1
8413f861-c5f2cad0.txt,31,30,1
84207475-60d631c4.txt,10,9,1
8432aacf-feeff4c6.txt,21,20,1
8439fd61-34f7cecd.txt,20,19,1
84643961-e2e4a747.txt,21,20,1
846d55cb-8c26ec23.txt,26,25,1
8488c163-8691e94b.txt,38,37,1
84a5a3c5-34b93cd6.txt,29,28,1
84ec46db-2cca2354.txt,22,21,1
851c3511-531549d0.txt,18,17,1
851ec515-eb5deb15.txt,16,15,1
8526a3b2-b5317e10.txt,16,15,1
8563e8ab-666ec28d.txt,17,16,1
85b99b30-3f5b0363.txt,26,25,1
85edc7ad-a7a7cbed.txt,39,38,1
85f3f250-d6d65ca3.txt,8,7,1
86177b54-ef9cfbb3.txt,23,22,1
8649225e-f3ba9f3e.txt,15,14,1
865155ca-04b5cac6.txt,23,22,1
8658379d-8f573c82.txt,12,11,1
86bf622c-bd5ff434.txt,33,32,1
86ec49c9-52ef7cce.txt,12,11,1
86fbfaa4-ac2e5c38.txt,17,16,1
87051b8c-9c28152b.txt,18,17,1
87153222-151d16d8.txt,42,41,1
87154a3d-ebb81f60.txt,13,12,1
8718cafe-27a6abeb.txt,10,9,1
8759dd07-4da00cb1.txt,19,18,1
878b60f9-67176510.txt,19,18,1
87a73b0c-a619fc58.txt,16,15,1
87dda9b9-40ecee81.txt,13,12,1
8806ba7a-2eb1b720.txt,26,25,1
8809e525-11741788.txt,26,25,1
88aa26b2-c8393dd1.txt,15,14,1
88b6fbc3-4bfdad30.txt,16,15,1
88b6fbc3-81df4a11.txt,27,26,1
88c44dd2-ed950f01.txt,18,17,1
88c5daf5-110311b5.txt,21,20,1
88c606f9-8d693e43.txt,13,12,1
88e883f5-b4e6db1f.txt,24,23,1
88ecd5ef-6e8b423e.txt,33,32,1
88ed46a7-3909f0cc.txt,25,24,1
890ed656-bd2f1954.txt,15,14,1
89116b3a-9f42fd53.txt,37,36,1
893adeff-5152fa6c.txt,28,27,1
893b4eb1-53d72dfa.txt,22,21,1
89796544-9bd8ed53.txt,16,15,1
89833bd3-70d9838f.txt,17,16,1
89921b91-6b12887a.txt,34,33,1
89a57287-2344822a.txt,14,13,1
89b42832-c18edeaa.txt,39,38,1
89c8341b-5c4fbd3b.txt,20,19,1
89fc7a60-00bc5427.txt,29,28,1
8a0006bc-6f52b1b6.txt,24,23,1
8a2a8122-8e57adfe.txt,31,30,1
8a2cd07e-3df1be7a.txt,17,16,1
8a6c9558-9aaff2db.txt,12,11,1
8a761798-2250e90e.txt,21,20,1
8aad49c0-30534a3f.txt,15,14,1
8abafb30-49e9c445.txt,12,11,1
8ad2994f-d2ee70c1.txt,16,15,1
8ad6b8d6-c3c450de.txt,21,20,1
8aefd76e-e16636e5.txt,25,24,1
8aefd76e-e371f486.txt,12,11,1
8afa8995-d6992d5a.txt,29,28,1
8b591dab-ac1bcdd1.txt,12,11,1
8b641aca-47242e8e.txt,11,10,1
8b8ce47f-3375ee8c.txt,19,18,1
8b91dc0c-a27e109c.txt,9,8,1
8b94691f-0b47c5c3.txt,25,24,1
8bf67cb6-1cd4b5e1.txt,9,8,1
8c33e1ed-714ee150.txt,25,24,1
8c57f037-502cac62.txt,31,30,1
8c638195-87273b91.txt,19,18,1
8c638195-883b75cc.txt,10,9,1
8c76dbfa-1638142f.txt,25,24,1
8cbeefc0-51f7afc2.txt,11,10,1
8ccdb6eb-ca74086e.txt,8,7,1
8d0a4d3b-511e966b.txt,20,19,1
8d3b65fa-65a93062.txt,10,9,1
8d4f9e3f-63794f03.txt,11,10,1
8d62a6ae-ae92a2e9.txt,22,21,1
8d9cd3cb-d3ec8153.txt,34,33,1
8dc6b3f6-9b29d9aa.txt,24,23,1
8dc8faf3-50771a3b.txt,17,16,1
8dd58869-2738b69a.txt,23,22,1
8df633fd-f345280c.txt,29,28,1
8e389ca8-ec3dc38b.txt,28,27,1
8e442d61-e972430b.txt,18,17,1
8e78f49b-03847dec.txt,8,7,1
8e998a1a-8a597579.txt,22,21,1
8eb5e4a5-d6c7a0ab.txt,13,12,1
8ebfcc32-aa74697f.txt,34,33,1
8ee48b61-419058e8.txt,25,24,1
8efe1c05-ff2d6fa1.txt,18,17,1
8f1fc728-f97fbe38.txt,30,29,1
8f398271-54adddbb.txt,26,25,1
8f3e48fb-d7de0192.txt,22,21,1
8f63216d-81c15db5.txt,24,23,1
8f65c7d4-f98fb27b.txt,30,29,1
8f9f6932-4cead9cf.txt,22,21,1
9004e5a6-6c1c701a.txt,13,12,1
90167fcc-9a77e7a4.txt,34,33,1
901cd2f9-1066fe62.txt,20,19,1
905cc034-d0c09ae5.txt,18,17,1
90815641-69575eff.txt,28,27,1
908545b7-17637cec.txt,17,16,1
90e87fbb-481a9475.txt,19,18,1
90e984ea-c5338c2d.txt,32,31,1
90e9b389-ab37fa46.txt,20,19,1
91518fde-9670d55d.txt,19,18,1
915bb818-82da5655.txt,17,16,1
9163ab3d-98e82b7e.txt,13,12,1
91753bb8-0b3abc5a.txt,13,12,1
917ced6f-1580a166.txt,22,21,1
9181303b-8585196f.txt,24,23,1
91dac181-97d3c266.txt,33,32,1
91f0f5e1-978d09ef.txt,6,5,1
92690f85-c06fde13.txt,31,30,1
9280af89-f0491480.txt,38,37,1
92a1d174-4beaa9b9.txt,22,21,1
933c9cc6-d5a4fcc7.txt,17,16,1
93685993-beb564e6.txt,38,37,1
938091da-6c2653a5.txt,7,6,1
93930096-c33b5574.txt,18,17,1
9397a14d-602bf534.txt,9,8,1
93eb6181-41051bbc.txt,20,19,1
93f4a763-0e26c204.txt,19,18,1
94103de4-d1ccd3a2.txt,12,11,1
94230381-5e2a7b66.txt,16,15,1
94578500-df85a201.txt,21,20,1
94605c84-8a174b1f.txt,13,12,1
946c59a2-eb1b8930.txt,44,43,1
948d6a0f-0c3e40fa.txt,12,11,1
94b608b1-aa13f33d.txt,17,16,1
94c8c192-f8821d0c.txt,23,22,1
94e18e47-a9bad0e3.txt,27,26,1
94ee2ecf-3871f2d2.txt,9,8,1
94fc6cd6-24c02e60.txt,24,23,1
951d7834-ef71ae78.txt,26,25,1
9530facd-e3715b3f.txt,23,22,1
95619ecb-9503e375.txt,13,12,1
956d6105-9d5a6a64.txt,17,16,1
95783f1d-18879102.txt,30,29,1
95865d8e-c6aa64fd.txt,31,30,1
95a9f88c-45982a82.txt,16,15,1
95b15293-8362e693.txt,29,28,1
95b422fa-c42aa2b9.txt,28,27,1
95e3be8c-253268dc.txt,13,12,1
963abc08-5cd9c9e8.txt,17,16,1
964257d0-e6dd51f2.txt,13,12,1
9663d370-5b38abe1.txt,34,33,1
96be86fa-7e6695b6.txt,16,15,1
96d1ade9-1f97c40e.txt,11,10,1
96d1ade9-6933d911.txt,38,37,1
9703b3c6-12b67e18.txt,26,25,1
9705a172-5c179585.txt,12,11,1
972718e0-af66a630.txt,7,6,1
972c9705-6305c09c.txt,17,16,1
972c9705-6c7b3ff0.txt,13,12,1
973275d9-24e882e6.txt,22,21,1
97429579-4eae32ac.txt,10,9,1
97680b82-d5c3df13.txt,11,10,1
97763719-0d0be7d0.txt,29,28,1
97763719-3d7988e0.txt,22,21,1
97763719-7ec9d689.txt,12,11,1
97838215-04a4235e.txt,52,51,1
97b2b363-eb1c5ec4.txt,12,11,1
97ce8197-3d7970c1.txt,20,19,1
97faae00-c76e5d0e.txt,13,12,1
986923a1-6bc58569.txt,19,18,1
98939d2a-0ef4494a.txt,22,21,1
98a357d8-b3fdc14b.txt,17,16,1
98fbc0ef-6b66281f.txt,7,6,1
99131a21-b04b5894.txt,8,7,1
9946a6d9-af888306.txt,16,15,1
9971d8f9-2b6aab6c.txt,33,32,1
997bc41e-0b3b46f8.txt,11,10,1
999f530f-fac91933.txt,31,30,1
99bfb995-b89c8e1f.txt,22,21,1
99c60747-bd177d95.txt,11,10,1
99d56fd0-a03d2de1.txt,30,29,1
99ebed9d-025ce069.txt,23,22,1
9a196894-81a24501.txt,27,26,1
9a26fcbe-8f6f8ab6.txt,18,17,1
9a2ae42f-a514f28d.txt,16,15,1
9a45b431-845c77d0.txt,35,34,1
9a4a4239-fcb0d00e.txt,24,23,1
9a510a18-d0f93727.txt,19,18,1
9ac3fc4f-ceffc5e7.txt,16,15,1
9ac69b54-61c8a3a1.txt,36,35,1
9afd6f39-94238499.txt,18,17,1
9b25dbe0-5f81e0fc.txt,25,24,1
9b2a0404-430719f3.txt,10,9,1
9b3b05f2-3cc38a83.txt,24,23,1
9b42f279-44d2ef69.txt,23,22,1
9b560e94-39bf5d87.txt,13,12,1
9b574fee-f7251f67.txt,28,27,1
9b778671-716e449f.txt,43,42,1
9b7d525d-c3946c45.txt,22,21,1
9b822992-55196f68.txt,19,18,1
9b8735b0-f31010ce.txt,15,14,1
9bafab27-2a5b8372.txt,20,19,1
9bc88552-86fc9052.txt,25,24,1
9beb9e59-e6f1c9d8.txt,42,41,1
9bff5ff2-129052b5.txt,24,23,1
9c34c10c-0c001d7c.txt,20,19,1
9cac19fb-9f09adb1.txt,16,15,1
9d6673e0-664e11dc.txt,16,15,1
9d78daa0-4f2b93a5.txt,33,32,1
9dc1bfa8-8aaee0ee.txt,55,54,1
9df859c5-223b2923.txt,29,28,1
9e6a72f5-dfd989d0.txt,14,13,1
9e85ed5c-2d9c1741.txt,17,16,1
9e87aa32-26b70829.txt,32,31,1
9e8da658-51065bd8.txt,15,14,1
9eca0168-d2ad875f.txt,31,30,1
9eca3090-1344f104.txt,19,18,1
9ecb339f-3a53db87.txt,16,15,1
9ee22132-1b373531.txt,17,16,1
9f07a240-a56754df.txt,41,40,1
9f238cfa-cc9bb02e.txt,19,18,1
9f468546-b29aae08.txt,27,26,1
9f4b1d25-b7b1f112.txt,34,33,1
9f6b1eb9-5f531304.txt,36,35,1
9f7d0810-8e5187cf.txt,11,10,1
9fa09c86-07f0d433.txt,31,30,1
9fa18426-00fbe48d.txt,35,34,1
9fcc71b7-7615ea94.txt,22,21,1
9fd02acf-aa351589.txt,8,7,1
9fdb240a-f8742802.txt,22,21,1
9fdc9183-2de82a4d.txt,11,10,1
9ff3eae5-68b834e6.txt,27,26,1
a00a8844-a04624f0.txt,17,16,1
a0b0e7de-9397e432.txt,28,27,1
a0b354a1-43f25161.txt,28,27,1
a0c487d7-cccbc89d.txt,17,16,1
a0e98a91-d0d60657.txt,15,14,1
a0f7060a-e5670875.txt,20,19,1
a108eb3b-f925e69d.txt,30,29,1
a10cd84e-bc1d70cf.txt,23,22,1
a112d5e2-e8120695.txt,22,21,1
a1140112-7660ec65.txt,10,9,1
a1224f71-f0afe709.txt,21,20,1
a128d768-8d1e632a.txt,24,23,1
a13ac244-7d7f5311.txt,23,22,1
a169a2a0-a1a5c668.txt,40,39,1
a1b6bc44-b3d9934d.txt,15,14,1
a1d82b67-d2e37df1.txt,22,21,1
a1f981a6-a89bbd22.txt,24,23,1
a20b137a-e807791d.txt,37,36,1
a23bfdfd-f87bc1ca.txt,10,9,1
a25466e3-f3bf44e8.txt,12,11,1
a30ab4f9-d1ebd440.txt,18,17,1
a32543af-ab09efd9.txt,17,16,1
a32543af-b3e4883e.txt,33,32,1
a33c329b-f15a0411.txt,30,29,1
a34d9c2a-b9f48f39.txt,21,20,1
a36686d2-75e92189.txt,17,16,1
a36779ef-8b6d317d.txt,34,33,1
a374cc51-651d4276.txt,28,27,1
a3b51b78-d5e379c3.txt,53,52,1
a3bed343-c6ae947d.txt,19,18,1
a3d00b88-324e01d4.txt,15,14,1
a3eb7d5c-36b0ad51.txt,22,21,1
a400f1cf-86db5048.txt,19,18,1
a40f1068-52a7a0fc.txt,20,19,1
a42a9ba1-7f67ddaf.txt,4,3,1
a472766c-3d52975a.txt,8,7,1
a4776c0b-2e8856a9.txt,24,23,1
a4913ef5-2398613d.txt,11,10,1
a49ea4c5-02ce58a0.txt,19,18,1
a4a3033a-08b8d1fb.txt,7,6,1
a4a4e648-7f6c95a6.txt,32,31,1
a4b4d265-838b96cd.txt,10,9,1
a4c1e480-c5ea0299.txt,11,10,1
a5017975-7a9a00f5.txt,25,24,1
a525014f-5dfa6b32.txt,28,27,1
a53bee29-4a847b31.txt,5,4,1
a574996c-24fe6498.txt,23,22,1
a5c3d16e-1456ff13.txt,9,8,1
a5e925fe-7dced743.txt,15,14,1
a5ec626e-bd43804d.txt,8,7,1
a5ec626e-ec81a030.txt,24,23,1
a6061b4e-3aa640c3.txt,23,22,1
a6117d79-d3988e97.txt,15,14,1
a62fe707-4825eda4.txt,17,16,1
a6958306-f8d2ae5d.txt,18,17,1
a72bedd0-e28a6819.txt,28,27,1
a739488d-fdd79ed7.txt,11,10,1
a74c2fb0-facb7d1f.txt,26,25,1
a75f21aa-f43553d8.txt,12,11,1
a7623f9e-12dfc605.txt,24,23,1
a78a1a8c-e3e15ded.txt,7,6,1
a7aaafbb-a2dc1233.txt,30,29,1
a7be6776-5cce85b9.txt,10,9,1
a7c522fe-e1f76e2f.txt,29,28,1
a7f4bb4b-a50c18d7.txt,30,29,1
a822c459-5d3f738f.txt,29,28,1
a82a5327-cb756be8.txt,23,22,1
a853f8b2-19163811.txt,19,18,1
a859a091-821b395f.txt,29,28,1
a859bf21-e1500f92.txt,13,12,1
a85edde3-c0460f2e.txt,34,33,1
a87768df-25917982.txt,23,22,1
a87b7b77-c485c204.txt,28,27,1
a884867a-6a395c1e.txt,16,15,1
a8cf6a2e-61a5c053.txt,19,18,1
a8d06ad6-ce169327.txt,9,8,1
a8db5ab8-d4198893.txt,28,27,1
a8f71e05-8c60be92.txt,28,27,1
a935505a-299b50bc.txt,24,23,1
a9448051-c12ebcf0.txt,22,21,1
a947d000-46fc8864.txt,38,37,1
a97dec22-36a1531f.txt,17,16,1
a982b90c-736bb73f.txt,60,59,1
a9f9a940-4485a591.txt,33,32,1
aa20ff51-a7bb2132.txt,37,36,1
aa4a3c6c-2eee0908.txt,16,15,1
aa94c316-f76d5612.txt,30,29,1
aadc9581-350462f5.txt,24,23,1
aaf122ed-02c2273a.txt,42,41,1
aaf19417-a88774b3.txt,16,15,1
ab2f6749-b3a811b5.txt,12,11,1
ab937857-583da1b8.txt,29,28,1
aba0f73b-02ec852f.txt,16,15,1
abb2750f-8f442811.txt,20,19,1
abb6faf3-3ae7f63f.txt,22,21,1
abc64b01-b1b31138.txt,40,39,1
abc6b442-fef01f96.txt,13,12,1
abdc28f1-befed638.txt,14,13,1
abde0346-d168b5f1.txt,25,24,1
abedcf51-396c2747.txt,48,47,1
abf62bc9-bfc3d722.txt,19,18,1
abf68b89-9ea5d778.txt,20,19,1
ac297f4c-2e1a53f9.txt,32,31,1
ac691786-2496f0f8.txt,31,30,1
ac84a500-9aa9c690.txt,23,22,1
acc83030-d39b208d.txt,23,22,1
acdf10b3-4ee2439c.txt,24,23,1
ace3834b-ec3dd28a.txt,16,15,1
ad418171-88cf0bcd.txt,12,11,1
ad4b229b-7f9fe6f9.txt,24,23,1
ad52e3c9-24bb1a6d.txt,24,23,1
ad7bd963-80d4cc00.txt,31,30,1
ad7e39ed-5ebdc202.txt,7,6,1
ad84b0ff-5d80d0b5.txt,19,18,1
ad99a2bf-b9b2fa2a.txt,14,13,1
adb9b134-2937d690.txt,24,23,1
ade30d62-ef017c2d.txt,15,14,1
ae36472e-3e8ac039.txt,19,18,1
ae43cf86-75c4d496.txt,26,25,1
ae5b08ed-15bc6917.txt,24,23,1
ae653a7e-e55e3083.txt,21,20,1
aec019e2-a2cb8cca.txt,11,10,1
aedcb8bd-c0e90b99.txt,7,6,1
aeeb8a7d-5760bea8.txt,10,9,1
aef24e7a-294a469c.txt,16,15,1
af19251c-538d0b92.txt,8,7,1
af19251c-f45361f6.txt,18,17,1
af29482b-533110a4.txt,4,3,1
af2fe9d3-7d85d052.txt,38,37,1
af312334-af1f4d19.txt,15,14,1
af56b127-620c0973.txt,4,3,1
af7a1b12-50060f7a.txt,22,21,1
af81a0fb-d3560122.txt,12,11,1
af8782cd-df31fe98.txt,34,33,1
af8c093b-5a7e5ca1.txt,41,40,1
af8f8515-fde46887.txt,12,11,1
afe80c9d-dde0ab68.txt,23,22,1
b001a7ce-321031d6.txt,11,10,1
b007edea-158f4588.txt,19,18,1
b029772f-adbf0e39.txt,27,26,1
b052a8c8-19b919f8.txt,5,4,1
b0697a99-ce98bea7.txt,22,21,1
b0b5ee1c-c3100759.txt,15,14,1
b0bd3dfc-6d3c2e15.txt,22,21,1
b0e9ba19-2dc405f8.txt,22,21,1
b12956c1-d6b0c75d.txt,29,28,1
b13c298a-2ce5dee3.txt,27,26,1
b1441e28-1bdefdcc.txt,29,28,1
b1552ab4-8260fcd4.txt,13,12,1
b1552ab4-e6255a0b.txt,12,11,1
b18b7f33-25aa2be5.txt,18,17,1
b196fdbf-7c5f7319.txt,24,23,1
b19ef5ce-bd67cb37.txt,14,13,1
b1bea966-e9bd6f08.txt,15,14,1
fdb7ff6e-1d409bbf.txt,15,14,1
fdb8ec88-63c2f87f.txt,39,38,1
fe0b200a-35da98ba.txt,26,25,1
